Date,Text
08-01-2025,"""Absolutely loved the new dashboard layout! ??"""
08-03-2025,"""The deployment failed again. Very frustrating. ??"""
08-05-2025,"""Streamlit is okay, but lacks some customization."""
08-07-2025,"""Impressed by the recruiter feedback?great progress! ??"""
08-09-2025,"""Not sure if the resume link is working properly. ??"""
08-11-2025,"""Markdown polish really elevated the portfolio. ?"""
08-13-2025,"""Still facing issues with image hosting. ??"""
08-15-2025,"""Got a positive response from a hiring manager! ??"""
08-17-2025,"""The app loads slowly on mobile devices. ??"""
08-19-2025,"""README looks clean and professional now. ?"""
08-21-2025,"""???? ????? ??? ???? ????! ??"""
08-23-2025,"""Resume ?? ???? ???? ??? ??? ??? ??"""
08-25-2025,"""Streamlit ?????? ??? ?? ???? ???????? ??????."""
08-27-2025,"""­Excelente presentaci¢n del proyecto! ??"""
08-29-2025,"""No me gust¢ el dise¤o de la p gina principal. ??"""
